"","age_categories","administered_date","perc_up_to_date"
"1","0-17",2022-12-31,11.5363215477217
"2","0-17",2023-01-01,11.5375192724802
"3","0-17",2023-02-19,13.6514762502069
"4","0-17",2023-05-30,15.5497066663182
"5","0-17",2023-01-30,13.0628217524238
"6","0-17",2023-01-02,11.5759009067865
"7","0-17",2023-02-21,13.7047477809427
"8","0-17",2023-02-18,13.6461953728626
"9","0-17",2023-02-02,13.1755712058257
"10","0-17",2023-01-04,11.79233521485
"11","0-17",2023-02-22,13.737195233491
"12","0-17",2023-06-03,15.6159354012596
"13","0-17",2023-02-03,13.2291966097856
"14","0-17",2023-01-31,13.099025705351
"15","0-17",2023-01-05,11.8943868084773
"16","0-17",2023-02-20,13.6737702633252
"17","0-17",2023-06-01,15.5882244057108
"18","0-17",2023-02-01,13.1385506223813
"19","0-17",2023-01-03,11.6927335127743
"20","0-17",2023-01-06,12.036099424221
"21","0-17",2023-06-02,15.6092118100017
"22","0-17",2023-03-07,14.0451193804932
"23","0-17",2023-02-25,13.8254185503611
"24","0-17",2023-01-07,12.0982994486111
"25","0-17",2023-02-06,13.292349369779
"26","0-17",2023-03-08,14.0727759340075
"27","0-17",2023-02-26,13.8300461232916
"28","0-17",2023-01-08,12.1199129362985
"29","0-17",2023-06-04,15.6191474812937
"30","0-17",2023-02-04,13.2508645395075
"31","0-17",2023-03-06,14.018959982927
"32","0-17",2023-01-09,12.1773220616545
"33","0-17",2023-05-09,15.2545219553837
"34","0-17",2023-02-08,13.3574076009791
"35","0-17",2023-02-28,13.8831815489412
"36","0-17",2023-01-10,12.2273815123562
"37","0-17",2023-05-10,15.2734133413472
"38","0-17",2023-02-09,13.3913522094755
"39","0-17",2023-03-01,13.9096675987143
"40","0-17",2023-05-31,15.5709935017988
"41","0-17",2023-01-11,12.2851445109363
"42","0-17",2023-02-10,13.4391795367636
"43","0-17",2023-03-02,13.935309796953
"44","0-17",2023-02-17,13.6309788242263
"45","0-17",2023-01-12,12.3394232193099
"46","0-17",2023-02-11,13.4616368759854
"47","0-17",2023-03-03,13.9729836848111
"48","0-17",2023-06-12,15.7480662189354
"49","0-17",2023-01-13,12.4349145477827
"50","0-17",2023-02-12,13.4679249309675
"51","0-17",2023-03-04,13.9883907805681
"52","0-17",2023-06-13,15.7677742354161
"53","0-17",2023-01-14,12.4803464255538
"54","0-17",2023-02-13,13.4995829740159
"55","0-17",2023-02-23,13.7700237802807
"56","0-17",2023-06-14,15.7902315746379
"57","0-17",2023-06-11,15.7277865610927
"58","0-17",2023-02-14,13.5243813207202
"59","0-17",2023-02-24,13.8092492661214
"60","0-17",2023-06-15,15.8108378846874
"61","0-17",2023-02-05,13.2582958772136
"62","0-17",2023-01-16,12.5301608871003
"63","0-17",2023-04-06,14.7408885811099
"64","0-17",2023-06-16,15.8322608252541
"65","0-17",2023-05-17,15.3739677790263
"66","0-17",2023-01-17,12.5710196339753
"67","0-17",2023-04-07,14.7697156383655
"68","0-17",2023-06-17,15.8372422714088
"69","0-17",2023-05-18,15.3916614402314
"70","0-17",2023-01-15,12.4998638949138
"71","0-17",2023-02-27,13.8554161113579
"72","0-17",2023-06-18,15.838984416512
"73","0-17",2023-05-19,15.4140098953842
"74","0-17",2023-01-19,12.6658304370171
"75","0-17",2023-03-10,14.1400935096384
"76","0-17",2023-06-19,15.8560792153378
"77","0-17",2023-05-20,15.4213051280041
"78","0-17",2023-01-20,12.7335835489238
"79","0-17",2023-03-11,14.1546295328438
"80","0-17",2023-06-20,15.8726840358533
"81","0-17",2023-05-21,15.4243266609176
"82","0-17",2023-01-21,12.7617845227829
"83","0-17",2023-03-12,14.1602370623949
"84","0-17",2023-06-21,15.8922287262306
"85","0-17",2023-05-22,15.4416392278813
"86","0-17",2023-01-22,12.7702230381268
"87","0-17",2023-03-13,14.1870497643749
"88","0-17",2023-06-22,15.9102490396425
"89","0-17",2023-05-23,15.4603128457069
"90","0-17",2023-01-23,12.8107006907605
"91","0-17",2023-03-14,14.2133724880445
"92","0-17",2023-06-23,15.9302837083301
"93","0-17",2023-05-24,15.4784964852223
"94","0-17",2023-01-24,12.8506611440667
"95","0-17",2023-03-05,13.9932361216366
"96","0-17",2023-06-24,15.9337135565021
"97","0-17",2023-05-25,15.4952101898067
"98","0-17",2023-01-25,12.8976990618549
"99","0-17",2023-04-05,14.7151374988023
"100","0-17",2023-06-25,15.9359729009329
"101","0-17",2023-05-26,15.518756369718
"102","0-17",2023-01-26,12.9378228412644
"103","0-17",2023-02-15,13.5548144179929
"104","0-17",2023-06-26,15.9507266922762
"105","0-17",2023-05-27,15.5263510335276
"106","0-17",2023-01-27,12.9950141984826
"107","0-17",2023-02-16,13.5854652834035
"108","0-17",2023-03-18,14.3230459664985
"109","0-17",2023-05-28,15.5307880593375
"110","0-17",2023-02-07,13.3236535396033
"111","0-17",2023-03-09,14.1015485492287
"112","0-17",2023-03-29,14.5695050565762
"113","0-17",2023-05-29,15.5316046898546
"114","0-17",2023-01-29,13.0263728103414
"115","0-17",2023-03-20,14.3577527634777
"116","0-17",2023-03-30,14.5959911063492
"117","0-17",2023-06-09,15.7184769731971
"118","0-17",2023-04-30,15.1202134563288
"119","0-17",2023-03-21,14.3845654654576
"120","0-17",2023-03-31,14.6266964137943
"121","0-17",2023-06-10,15.724057281731
"122","0-17",2023-05-01,15.1357294361547
"123","0-17",2023-03-22,14.4125758921961
"124","0-17",2023-04-01,14.6345632877762
"125","0-17",2023-05-05,15.2100700342331
"126","0-17",2023-05-02,15.1526609088771
"127","0-17",2023-03-23,14.4408857501241
"128","0-17",2023-04-02,14.6383742301896
"129","0-17",2023-05-06,15.2201690316286
"130","0-17",2023-05-03,15.1705451172028
"131","0-17",2023-03-24,14.4746125904827
"132","0-17",2023-04-03,14.6630909138422
"133","0-17",2023-05-07,15.2229727964042
"134","0-17",2023-05-04,15.186197202115
"135","0-17",2023-03-15,14.2424989764898
"136","0-17",2023-04-04,14.6872359561328
"137","0-17",2023-05-08,15.2385976602991
"138","0-17",2023-01-18,12.6184114249876
"139","0-17",2023-03-16,14.2717071279867
"140","0-17",2023-04-15,14.9084611632303
"141","0-17",2023-06-05,15.6380660882745
"142","0-17",2023-04-29,15.1188251844496
"143","0-17",2023-03-27,14.5148452539612
"144","0-17",2023-03-17,14.309517120931
"145","0-17",2023-06-06,15.6567124850829
"146","0-17",2023-04-13,14.873046619803
"147","0-17",2023-03-28,14.5401880210103
"148","0-17",2023-04-27,15.0919308194179
"149","0-17",2023-06-07,15.676692711736
"150","0-17",2023-04-14,14.9018192350241
"151","0-17",2023-04-11,14.8245659881011
"152","0-17",2023-04-08,14.779242994399
"153","0-17",2023-06-08,15.6965640543201
"154","0-17",2023-04-25,15.0537669532495
"155","0-17",2023-04-12,14.8485749253055
"156","0-17",2023-04-09,14.7805768242437
"157","0-17",2023-05-13,15.3220300781352
"158","0-17",2023-04-26,15.0733116436268
"159","0-17",2023-04-16,14.91082939173
"160","0-17",2023-04-10,14.8021358698966
"161","0-17",2023-05-14,15.3240172123936
"162","0-17",2023-05-11,15.291188665604
"163","0-17",2023-04-17,14.9290130312454
"164","0-17",2023-04-24,15.0369715856134
"165","0-17",2023-05-15,15.3394243081506
"166","0-17",2023-05-12,15.3148981716187
"167","0-17",2023-04-18,14.9502182036742
"168","0-17",2023-04-28,15.1146331477949
"169","0-17",2023-05-16,15.355675255442
"170","0-17",2023-04-19,14.9694634628618
"171","0-17",2023-03-25,14.4846571458437
"172","0-17",2023-03-19,14.3288712641876
"173","0-17",2023-04-23,15.0200945549255
"174","0-17",2023-04-20,14.9887631640839
"175","0-17",2023-03-26,14.4890397296191
"176","0-17",2023-01-28,13.0190503567042
"177","0-17",2023-04-21,15.0112749453402
"178","0-17",2023-04-22,15.0178352104947
"179","18-49",2023-02-21,16.9927942737017
"180","18-49",2023-02-20,16.9726423451019
"181","18-49",2023-02-22,17.0134812092554
"182","18-49",2023-02-24,17.0607401568566
"183","18-49",2023-01-10,15.8205866068886
"184","18-49",2023-01-05,15.5422715310391
"185","18-49",2023-01-01,15.274114156663
"186","18-49",2023-04-03,17.6127112896647
"187","18-49",2023-02-18,16.952215482373
"188","18-49",2023-01-04,15.4678535498715
"189","18-49",2023-01-02,15.3066232597691
"190","18-49",2023-02-23,17.0353644798034
"191","18-49",2023-02-19,16.9585835512558
"192","18-49",2023-02-26,17.0774071096034
"193","18-49",2023-01-09,15.7691887860462
"194","18-49",2023-06-18,18.2172617170052
"195","18-49",2023-04-02,17.599588757988
"196","18-49",2023-03-07,17.236564247759
"197","18-49",2023-03-30,17.5711962361666
"198","18-49",2023-06-19,18.2242613913198
"199","18-49",2023-06-16,18.2127290192007
"200","18-49",2023-03-08,17.2548436520199
"201","18-49",2023-03-31,17.5894459178189
"202","18-49",2023-06-20,18.2314245399813
"203","18-49",2023-06-17,18.2156789880997
"204","18-49",2023-04-01,17.5960220449615
"205","18-49",2023-04-11,17.7004821527253
"206","18-49",2023-01-03,15.3947210715238
"207","18-49",2023-02-11,16.8236429084197
"208","18-49",2022-12-31,15.2729475442772
"209","18-49",2023-04-12,17.7127130061454
"210","18-49",2023-06-22,18.2467168220825
"211","18-49",2023-02-12,16.8299589627374
"212","18-49",2023-02-09,16.7768000773382
"213","18-49",2023-04-13,17.7245871882628
"214","18-49",2023-06-23,18.2549128313913
"215","18-49",2023-02-13,16.8518422332855
"216","18-49",2023-02-10,16.8089896624024
"217","18-49",2023-04-04,17.6257075002551
"218","18-49",2023-06-24,18.2570825818158
"219","18-49",2023-06-21,18.239130126249
"220","18-49",2023-03-06,17.2187381132787
"221","18-49",2023-04-05,17.6400635201867
"222","18-49",2023-06-25,18.2585835735477
"223","18-49",2023-01-16,16.0730430132959
"224","18-49",2023-04-06,17.6530671614292
"225","18-49",2023-02-25,17.0718192591952
"226","18-49",2023-06-26,18.2641788546081
"227","18-49",2023-01-17,16.1168169850441
"228","18-49",2023-04-07,17.6669550502762
"229","18-49",2023-03-18,17.4086135673751
"230","18-49",2023-04-17,17.7589019398386
"231","18-49",2023-02-07,16.7245180088914
"232","18-49",2023-02-14,16.8696089225487
"233","18-49",2023-02-17,16.940735124819
"234","18-49",2023-04-18,17.7704937571748
"235","18-49",2023-02-08,16.7506664737669
"236","18-49",2023-02-28,17.1175252004994
"237","18-49",2023-04-09,17.6750544611072
"238","18-49",2023-04-19,17.7812979253842
"239","18-49",2023-05-30,18.0955699269322
"240","18-49",2023-03-01,17.137023231711
"241","18-49",2023-04-10,17.6881175475668
"242","18-49",2023-04-20,17.7920872322894
"243","18-49",2023-05-31,18.1050142858003
"244","18-49",2023-03-02,17.1566847372696
"245","18-49",2023-03-22,17.4609699423433
"246","18-49",2023-04-21,17.8047193409249
"247","18-49",2023-06-01,18.1134703679339
"248","18-49",2023-03-03,17.1828406327973
"249","18-49",2023-03-23,17.476343961618
"250","18-49",2023-04-22,17.8092446080773
"251","18-49",2023-06-02,18.1227289604986
"252","18-49",2023-03-04,17.1937191075281
"253","18-49",2023-03-24,17.4959757445681
"254","18-49",2023-04-23,17.8122391608891
"255","18-49",2023-06-03,18.1262585202644
"256","18-49",2023-03-05,17.1993886951099
"257","18-49",2023-04-14,17.7395748136262
"258","18-49",2023-04-24,17.8228947160558
"259","18-49",2023-06-04,18.128435701341
"260","18-49",2023-03-16,17.379485410992
"261","18-49",2023-04-15,17.7452592625122
"262","18-49",2023-04-25,17.8324802573146
"263","18-49",2023-01-06,15.6410174673083
"264","18-49",2023-02-15,16.8916705287481
"265","18-49",2023-03-17,17.4005958937176
"266","18-49",2023-04-16,17.7479863118471
"267","18-49",2023-01-07,15.6854973510097
"268","18-49",2023-02-16,16.9127364275609
"269","18-49",2023-03-28,17.5400246504454
"270","18-49",2023-04-27,17.852453850263
"271","18-49",2023-01-08,15.7085175113349
"272","18-49",2023-02-27,17.0977076512459
"273","18-49",2023-03-29,17.5560228444997
"274","18-49",2023-04-28,17.8645137986839
"275","18-49",2023-06-08,18.1597113161922
"276","18-49",2023-03-10,17.2961803698667
"277","18-49",2023-03-20,17.429954400317
"278","18-49",2023-04-29,17.8667281330212
"279","18-49",2023-06-09,18.1687990037576
"280","18-49",2023-03-11,17.3055132689527
"281","18-49",2023-03-21,17.4450386241583
"282","18-49",2023-04-30,17.8682068327967
"283","18-49",2023-06-10,18.1721873811328
"284","18-49",2023-03-12,17.3107147254497
"285","18-49",2023-01-31,16.5522680616676
"286","18-49",2023-05-01,17.8769972942766
"287","18-49",2023-06-11,18.1737998326469
"288","18-49",2023-03-13,17.3288678086241
"289","18-49",2023-02-01,16.5823919254373
"290","18-49",2023-05-02,17.8863079014062
"291","18-49",2023-06-12,18.1819512580428
"292","18-49",2023-03-14,17.34462822181
"293","18-49",2023-02-02,16.6114754979076
"294","18-49",2023-05-03,17.8967256757045
"295","18-49",2023-06-13,18.1892258664865
"296","18-49",2023-03-15,17.36189705738
"297","18-49",2023-03-25,17.5041940458333
"298","18-49",2023-05-04,17.9065564284838
"299","18-49",2023-06-14,18.1969165914499
"300","18-49",2023-01-25,16.3863193074573
"301","18-49",2023-03-26,17.5084889627694
"302","18-49",2023-05-15,17.9901586956947
"303","18-49",2023-06-15,18.2042952290235
"304","18-49",2023-01-26,16.4205151685989
"305","18-49",2023-03-27,17.52471750704
"306","18-49",2023-04-26,17.8424001779195
"307","18-49",2023-01-20,16.2510962998399
"308","18-49",2023-01-27,16.4621788351398
"309","18-49",2023-05-07,17.9270575977341
"310","18-49",2023-05-17,18.0077247573502
"311","18-49",2023-01-21,16.2715157319166
"312","18-49",2023-03-09,17.2727812462823
"313","18-49",2023-04-08,17.6734940241581
"314","18-49",2023-05-18,18.0161436862232
"315","18-49",2023-01-22,16.2818443383892
"316","18-49",2023-01-19,16.2001368874737
"317","18-49",2023-01-29,16.4893452993583
"318","18-49",2023-02-05,16.6733431076132
"319","18-49",2023-01-23,16.3175114686543
"320","18-49",2023-01-13,15.9980825945222
"321","18-49",2023-01-30,16.5216760668132
"322","18-49",2023-02-06,16.7011263159592
"323","18-49",2023-01-24,16.3503252284981
"324","18-49",2023-02-03,16.648985429903
"325","18-49",2023-01-11,15.8731436094645
"326","18-49",2023-05-11,17.9653180255955
"327","18-49",2023-02-04,16.6650727917829
"328","18-49",2023-05-05,17.9182299829935
"329","18-49",2023-01-12,15.9272090344246
"330","18-49",2023-05-12,17.9765680329332
"331","18-49",2023-05-09,17.9458868702532
"332","18-49",2023-05-06,17.9241001981829
"333","18-49",2023-05-16,17.9984735954377
"334","18-49",2023-05-13,17.9801793298726
"335","18-49",2023-05-10,17.9560074184659
"336","18-49",2023-05-27,18.0824622565598
"337","18-49",2023-01-28,16.4799752470116
"338","18-49",2023-05-14,17.9818958105166
"339","18-49",2023-01-18,16.1585178048457
"340","18-49",2023-03-19,17.4129679295283
"341","18-49",2023-06-05,18.136483097607
"342","18-49",2023-01-15,16.0486630436293
"343","18-49",2023-05-29,18.0858506339349
"344","18-49",2023-05-21,18.0332267554897
"345","18-49",2023-06-06,18.1443967421346
"346","18-49",2023-05-26,18.0784348431007
"347","18-49",2023-05-23,18.0503915619298
"348","18-49",2023-05-22,18.0417942974055
"349","18-49",2023-06-07,18.1524738610092
"350","18-49",2023-05-19,18.0263385409573
"351","18-49",2023-01-14,16.0303167634992
"352","18-49",2023-05-24,18.0597244610158
"353","18-49",2023-05-20,18.0306260272412
"354","18-49",2023-05-08,17.9365688324714
"355","18-49",2023-05-25,18.0679873461939
"356","18-49",2023-05-28,18.0852933350245
"357","50-64",2023-02-28,29.1458056777021
"358","50-64",2023-03-01,29.1758905332828
"359","50-64",2023-02-25,29.0701304491474
"360","50-64",2023-04-06,29.9277723936958
"361","50-64",2023-04-07,29.9483239908998
"362","50-64",2023-02-26,29.0777155374706
"363","50-64",2023-03-31,29.8375497641676
"364","50-64",2023-03-18,29.5792096401842
"365","50-64",2023-02-21,28.9447130097998
"366","50-64",2023-02-17,28.8617081906339
"367","50-64",2023-02-27,29.1116807645514
"368","50-64",2023-03-06,29.3006053539226
"369","50-64",2023-02-22,28.9777041518538
"370","50-64",2023-02-20,28.9116579933178
"371","50-64",2023-02-18,28.8806469585313
"372","50-64",2023-03-30,29.8100997287413
"373","50-64",2023-04-09,29.9591347378362
"374","50-64",2023-03-03,29.2466314622757
"375","50-64",2023-02-19,28.8886791678503
"376","50-64",2023-04-23,30.1517161382096
"377","50-64",2023-04-10,29.9776583219517
"378","50-64",2023-03-04,29.2646600195743
"379","50-64",2023-03-02,29.2070293169253
"380","50-64",2023-04-01,29.8469712422953
"381","50-64",2023-03-29,29.7880311138726
"382","50-64",2023-02-23,29.0124039348564
"383","50-64",2023-04-05,29.9091370293313
"384","50-64",2023-02-08,28.5523643359048
"385","50-64",2023-04-22,30.1476760806396
"386","50-64",2023-03-07,29.3283747614889
"387","50-64",2023-03-17,29.5664187859803
"388","50-64",2023-02-09,28.5937549652387
"389","50-64",2023-01-17,27.5279781971028
"390","50-64",2023-03-08,29.3551541154214
"391","50-64",2023-03-05,29.2719097671506
"392","50-64",2023-04-04,29.8900226067569
"393","50-64",2023-01-05,26.593591127331
"394","50-64",2023-04-21,30.1402666469933
"395","50-64",2023-02-24,29.0526288558796
"396","50-64",2023-04-08,29.9575219085296
"397","50-64",2023-04-02,29.8512987347913
"398","50-64",2023-01-19,27.6658830871214
"399","50-64",2023-03-10,29.4162659743956
"400","50-64",2023-04-19,30.1075789084723
"401","50-64",2023-04-03,29.8713872423924
"402","50-64",2023-01-20,27.7488559690733
"403","50-64",2023-03-11,29.4306696579061
"404","50-64",2023-04-27,30.2094266838936
"405","50-64",2023-01-02,26.2499147675602
"406","50-64",2023-03-12,29.4372327553815
"407","50-64",2023-02-07,28.5117721369206
"408","50-64",2023-03-16,29.5351522534818
"409","50-64",2023-01-03,26.3790528923379
"410","50-64",2023-03-13,29.4626228405054
"411","50-64",2023-04-12,30.0121984188843
"412","50-64",2023-01-16,27.4515045381983
"413","50-64",2023-01-04,26.4888690026503
"414","50-64",2023-03-14,29.4856336031868
"415","50-64",2023-04-13,30.0281350886665
"416","50-64",2023-01-27,28.0862726349016
"417","50-64",2023-04-20,30.1229087711885
"418","50-64",2023-03-15,29.5107841592057
"419","50-64",2023-04-14,30.0495170534343
"420","50-64",2023-04-11,29.9944732651186
"421","50-64",2023-03-09,29.3821410612449
"422","50-64",2023-01-25,27.9661567730767
"423","50-64",2023-04-15,30.0564633974776
"424","50-64",2023-04-25,30.1815135588644
"425","50-64",2023-01-29,28.1290525330442
"426","50-64",2023-02-15,28.778735308682
"427","50-64",2023-03-27,29.7457302739399
"428","50-64",2023-04-16,30.0600723026588
"429","50-64",2023-01-30,28.1781879367713
"430","50-64",2023-02-16,28.8145209569603
"431","50-64",2023-05-17,30.4235657037118
"432","50-64",2023-04-17,30.0763283445808
"433","50-64",2023-04-24,30.1671737497818
"434","50-64",2023-01-18,27.5968348304701
"435","50-64",2023-03-19,29.5851818992007
"436","50-64",2023-04-18,30.0916262700831
"437","50-64",2022-12-31,26.2004440230861
"438","50-64",2023-03-23,29.6785822815211
"439","50-64",2023-03-20,29.6104122982546
"440","50-64",2023-02-12,28.6763126634088
"441","50-64",2023-01-01,26.2029990002055
"442","50-64",2023-03-24,29.7072618996862
"443","50-64",2023-03-21,29.6329759399402
"444","50-64",2023-02-13,28.7136632351727
"445","50-64",2023-02-10,28.6445990099144
"446","50-64",2023-01-21,27.782964913617
"447","50-64",2023-03-22,29.6557950793376
"448","50-64",2023-02-14,28.7448658932432
"449","50-64",2023-02-11,28.6678972075218
"450","50-64",2023-01-22,27.7971450366296
"451","50-64",2023-02-01,28.2778639816412
"452","50-64",2023-02-05,28.4246314485427
"453","50-64",2023-01-26,28.0197953239767
"454","50-64",2023-01-23,27.8557178870914
"455","50-64",2023-04-26,30.1948473457061
"456","50-64",2023-02-06,28.4691519248479
"457","50-64",2023-03-28,29.7667289921398
"458","50-64",2023-01-24,27.9098035589873
"459","50-64",2023-03-25,29.7182962071205
"460","50-64",2023-01-31,28.2294311966219
"461","50-64",2023-01-28,28.1155590601325
"462","50-64",2023-02-04,28.4123515897627
"463","50-64",2023-03-26,29.7231985694683
"464","50-64",2023-05-05,30.3030665953189
"465","50-64",2023-05-09,30.3422056510665
"466","50-64",2023-04-29,30.2308405858754
"467","50-64",2023-05-16,30.4122279927445
"468","50-64",2023-02-02,28.3247158745679
"469","50-64",2023-05-10,30.3556512181572
"470","50-64",2023-04-30,30.232613101252
"471","50-64",2023-05-27,30.5131016831391
"472","50-64",2023-02-03,28.3858437021491
"473","50-64",2023-05-04,30.286363432401
"474","50-64",2023-05-01,30.2454199240629
"475","50-64",2023-04-28,30.2274712097992
"476","50-64",2023-01-15,27.4122696708088
"477","50-64",2023-06-04,30.5653988710514
"478","50-64",2023-05-02,30.2593285807565
"479","50-64",2023-01-09,26.9479185479682
"480","50-64",2023-05-06,30.3118014233458
"481","50-64",2023-05-26,30.5086464417872
"482","50-64",2023-05-03,30.2730296455592
"483","50-64",2023-01-10,27.0324403847987
"484","50-64",2023-05-07,30.3154901715619
"485","50-64",2023-06-06,30.5847528227307
"486","50-64",2023-01-14,27.3879175451397
"487","50-64",2023-01-11,27.1247069960224
"488","50-64",2023-05-08,30.3286163665127
"489","50-64",2023-05-18,30.434871477465
"490","50-64",2023-05-28,30.5159121579704
"491","50-64",2023-01-12,27.2167021409271
"492","50-64",2023-05-12,30.3835004687585
"493","50-64",2023-05-19,30.4476463630619
"494","50-64",2023-01-06,26.7430413202078
"495","50-64",2023-01-13,27.337009626036
"496","50-64",2023-05-13,30.3881313647873
"497","50-64",2023-05-20,30.4527722859077
"498","50-64",2023-01-07,26.8150757063673
"499","50-64",2023-06-16,30.6618492573081
"500","50-64",2023-05-14,30.3900316290199
"501","50-64",2023-05-11,30.3691766282829
"502","50-64",2023-01-08,26.8464699877217
"503","50-64",2023-05-31,30.538108521695
"504","50-64",2023-05-15,30.4008902817772
"505","50-64",2023-06-21,30.6892673555204
"506","50-64",2023-06-18,30.6666558080139
"507","50-64",2023-05-29,30.5165029964293
"508","50-64",2023-06-05,30.575554905101
"509","50-64",2023-06-22,30.6971239101625
"510","50-64",2023-06-19,30.6748157661889
"511","50-64",2023-05-30,30.5274574608286
"512","50-64",2023-06-26,30.7169728886587
"513","50-64",2023-06-23,30.7058268009754
"514","50-64",2023-06-20,30.6820655137652
"515","50-64",2023-05-21,30.4552314513851
"516","50-64",2023-06-13,30.6349421545196
"517","50-64",2023-06-24,30.7085574327718
"518","50-64",2023-05-25,30.4958396189763
"519","50-64",2023-05-22,30.4652437679717
"520","50-64",2023-06-01,30.5482326185306
"521","50-64",2023-06-25,30.7101223562574
"522","50-64",2023-06-15,30.6527471513203
"523","50-64",2023-05-23,30.4758948288381
"524","50-64",2023-06-02,30.5586122130781
"525","50-64",2023-06-09,30.612602073332
"526","50-64",2023-06-07,30.5935036193646
"527","50-64",2023-05-24,30.4859390826387
"528","50-64",2023-06-03,30.562875831146
"529","50-64",2023-06-08,30.6021266671425
"530","50-64",2023-06-17,30.6653463822402
"531","50-64",2023-06-14,30.6434534220485
"532","50-64",2023-06-12,30.6267502591306
"533","50-64",2023-06-10,30.6161630726921
"534","50-64",2023-06-11,30.6180633369247
"535","65+",2023-01-03,41.4589620923422
"536","65+",2023-01-04,41.5810086290729
"537","65+",2023-02-09,44.036201138565
"538","65+",2023-02-16,44.2871804121513
"539","65+",2023-02-10,44.0893856740471
"540","65+",2023-01-21,43.0629223914759
"541","65+",2023-02-07,43.9257597715879
"542","65+",2023-02-14,44.1962965526354
"543","65+",2023-01-01,41.2713917884336
"544","65+",2022-12-31,41.2689274376275
"545","65+",2023-02-08,43.9807794619256
"546","65+",2023-02-28,44.6397223987466
"547","65+",2023-01-24,43.2225459085834
"548","65+",2023-01-23,43.1458364356189
"549","65+",2023-03-04,44.7748072737848
"550","65+",2023-03-01,44.6792743553014
"551","65+",2023-01-02,41.3133731404638
"552","65+",2023-03-08,44.8861924346877
"553","65+",2023-03-05,44.780574903331
"554","65+",2023-03-02,44.7207313773729
"555","65+",2023-02-27,44.5967448197948
"556","65+",2023-02-11,44.1068633393387
"557","65+",2023-01-22,43.0735488119732
"558","65+",2023-03-03,44.7632894923577
"559","65+",2023-01-19,42.9466260066261
"560","65+",2023-02-12,44.1120192505997
"561","65+",2023-03-07,44.8521284650345
"562","65+",2023-02-02,43.7220226272846
"563","65+",2023-01-20,43.0367583265345
"564","65+",2023-02-13,44.1551016955433
"565","65+",2023-02-06,43.871386754866
"566","65+",2023-02-03,43.7862006142351
"567","65+",2023-01-31,43.5955192859045
"568","65+",2023-01-18,42.8592027248379
"569","65+",2023-01-25,43.2964764327666
"570","65+",2023-03-06,44.8169459248027
"571","65+",2023-02-01,43.6599594378344
"572","65+",2023-03-13,44.9960745163755
"573","65+",2023-02-15,44.2411092864429
"574","65+",2023-01-26,43.3677328741601
"575","65+",2023-03-17,45.1085782478571
"576","65+",2023-03-14,45.0220812823293
"577","65+",2023-03-28,45.3243575035462
"578","65+",2023-03-21,45.1737175063986
"579","65+",2023-03-18,45.1177889774657
"580","65+",2023-03-15,45.0488570655559
"581","65+",2023-03-12,44.96606536507
"582","65+",2023-03-09,44.91870089213
"583","65+",2023-02-04,43.8067368709526
"584","65+",2023-03-16,45.0792507254979
"585","65+",2023-01-12,42.4309824475303
"586","65+",2023-03-10,44.9507549302746
"587","65+",2023-03-20,45.1487069673664
"588","65+",2023-02-05,43.8152834492802
"589","65+",2023-01-13,42.5566992939722
"590","65+",2023-03-11,44.9609618868049
"591","65+",2023-01-17,42.7614326651971
"592","65+",2023-05-27,46.4124470339353
"593","65+",2023-01-14,42.5912875935842
"594","65+",2023-01-11,42.2989037309223
"595","65+",2023-01-28,43.4609936961557
"596","65+",2023-03-19,45.1213369435199
"597","65+",2023-01-15,42.6088701248674
"598","65+",2023-03-26,45.2712428787253
"599","65+",2023-01-29,43.4710608313636
"600","65+",2023-05-29,46.4154706700308
"601","65+",2023-04-29,45.913739332507
"602","65+",2023-03-27,45.2982808269313
"603","65+",2023-01-30,43.5284050511851
"604","65+",2023-05-30,46.4350456551573
"605","65+",2023-04-30,45.915836652342
"606","65+",2023-04-27,45.8840797345073
"607","65+",2023-03-25,45.2672929263694
"608","65+",2023-03-22,45.199164987063
"609","65+",2023-05-28,46.4147715634191
"610","65+",2023-04-28,45.9102787547793
"611","65+",2023-03-29,45.3477775750369
"612","65+",2023-03-23,45.2273739388435
"613","65+",2023-05-02,45.9655780877616
"614","65+",2023-04-02,45.4127944899213
"615","65+",2023-03-30,45.3754097638628
"616","65+",2023-03-24,45.2589211246948
"617","65+",2023-05-03,45.9925985583023
"618","65+",2023-04-03,45.4362669944078
"619","65+",2023-03-31,45.4030244750234
"620","65+",2023-02-26,44.5581716124964
"621","65+",2023-05-31,46.4543759529697
"622","65+",2023-05-01,45.9402529507542
"623","65+",2023-04-01,45.4097533761606
"624","65+",2023-06-04,46.4959203633677
"625","65+",2023-06-01,46.4723429928894
"626","65+",2023-04-05,45.4835965120173
"627","65+",2023-01-16,42.6542945769601
"628","65+",2023-06-05,46.5111608875019
"629","65+",2023-06-02,46.4890516409081
"630","65+",2023-04-06,45.5067369408633
"631","65+",2023-01-27,43.4387621059049
"632","65+",2023-06-06,46.5276947588676
"633","65+",2023-06-03,46.4932113252475
"634","65+",2023-05-04,46.0205977780994
"635","65+",2023-04-04,45.4593899455885
"636","65+",2023-06-07,46.544683049531
"637","65+",2023-05-08,46.0905958275919
"638","65+",2023-05-05,46.0480202349418
"639","65+",2023-01-09,42.0606307200029
"640","65+",2023-06-08,46.5599410513305
"641","65+",2023-05-09,46.1186999133807
"642","65+",2023-05-06,46.0589088204184
"643","65+",2023-01-10,42.1694641417732
"644","65+",2023-06-09,46.5758806820764
"645","65+",2023-05-10,46.1446717240039
"646","65+",2023-05-07,46.0642569859976
"647","65+",2023-04-07,45.5269585996056
"648","65+",2023-06-10,46.5799180227587
"649","65+",2023-05-11,46.1707309229536
"650","65+",2023-04-11,45.5804227777323
"651","65+",2023-04-08,45.534421562685
"652","65+",2023-06-11,46.5815958786267
"653","65+",2023-05-12,46.1938888294648
"654","65+",2023-04-12,45.6016406633962
"655","65+",2023-04-09,45.535557610929
"656","65+",2023-06-12,46.5952459352194
"657","65+",2023-05-13,46.2003905209533
"658","65+",2023-04-13,45.6240645079653
"659","65+",2023-04-10,45.5578940671716
"660","65+",2023-06-13,46.6092805004485
"661","65+",2023-05-14,46.2026975727718
"662","65+",2023-04-14,45.6469952048278
"663","65+",2023-01-05,41.6958718453688
"664","65+",2023-06-14,46.6240666052851
"665","65+",2023-05-15,46.2202276710592
"666","65+",2023-04-15,45.6522909374111
"667","65+",2023-01-06,41.8587811635511
"668","65+",2023-06-15,46.637367108572
"669","65+",2023-05-16,46.2408163607726
"670","65+",2023-04-16,45.6552271851801
"671","65+",2023-01-07,41.9152689777733
"672","65+",2023-06-16,46.6506501341935
"673","65+",2023-05-17,46.2597796276139
"674","65+",2023-04-17,45.6750468576207
"675","65+",2023-01-08,41.9411184447395
"676","65+",2023-06-17,46.6538835022724
"677","65+",2023-05-18,46.2809975132778
"678","65+",2023-04-18,45.6944820214248
"679","65+",2023-02-17,44.3352614693683
"680","65+",2023-06-18,46.6551418941734
"681","65+",2023-05-19,46.3007822303878
"682","65+",2023-04-19,45.7156649517581
"683","65+",2023-02-18,44.3503097391843
"684","65+",2023-06-19,46.6653488507037
"685","65+",2023-05-20,46.3070217568969
"686","65+",2023-04-20,45.7399239511828
"687","65+",2023-02-19,44.3565317880281
"688","65+",2023-06-20,46.6787891753129
"689","65+",2023-05-21,46.3098181833435
"690","65+",2023-04-21,45.7654238648431
"691","65+",2023-02-20,44.3810529524321
"692","65+",2023-06-21,46.6910584963475
"693","65+",2023-05-22,46.3287639725195
"694","65+",2023-04-22,45.7746870274476
"695","65+",2023-02-21,44.4243626070245
"696","65+",2023-06-22,46.7033627727128
"697","65+",2023-05-23,46.3477621946914
"698","65+",2023-04-23,45.7794234747416
"699","65+",2023-02-22,44.4642466392197
"700","65+",2023-06-23,46.7164011110202
"701","65+",2023-05-24,46.3684382727313
"702","65+",2023-04-24,45.8053078970384
"703","65+",2023-02-23,44.5051094206713
"704","65+",2023-06-24,46.7190577161445
"705","65+",2023-05-25,46.3879957801925
"706","65+",2023-04-25,45.8310524980128
"707","65+",2023-02-24,44.5409735898495
"708","65+",2023-06-25,46.720822960339
"709","65+",2023-05-26,46.4072911226743
"710","65+",2023-04-26,45.857321428946
"711","65+",2023-02-25,44.5521418179708
"712","65+",2023-06-26,46.7299288239559
"713","0-17",2023-06-27,15.9712859493671
"714","0-17",2023-06-28,15.9918418987342
"715","0-17",2023-06-29,16.0123978481013
"716","0-17",2023-06-30,16.0329537974684
"717","0-17",2023-07-01,16.0535097468354
"718","0-17",2023-07-02,16.0740656962025
"719","0-17",2023-07-03,16.0946216455696
"720","0-17",2023-07-04,16.1151775949367
"721","0-17",2023-07-05,16.1357335443038
"722","0-17",2023-07-06,16.1562894936709
"723","0-17",2023-07-07,16.176845443038
"724","0-17",2023-07-08,16.1974013924051
"725","0-17",2023-07-09,16.2179573417722
"726","0-17",2023-07-10,16.2385132911392
"727","0-17",2023-07-11,16.2590692405063
"728","0-17",2023-07-12,16.2796251898734
"729","0-17",2023-07-13,16.3001811392405
"730","0-17",2023-07-14,16.3207370886076
"731","0-17",2023-07-15,16.3412930379747
"732","0-17",2023-07-16,16.3618489873418
"733","0-17",2023-07-17,16.3824049367089
"734","0-17",2023-07-18,16.402960886076
"735","0-17",2023-07-19,16.423516835443
"736","0-17",2023-07-20,16.4440727848101
"737","0-17",2023-07-21,16.4646287341772
"738","0-17",2023-07-22,16.4851846835443
"739","0-17",2023-07-23,16.5057406329114
"740","0-17",2023-07-24,16.5262965822785
"741","0-17",2023-07-25,16.5468525316456
"742","0-17",2023-07-26,16.5674084810127
"743","0-17",2023-07-27,16.5879644303797
"744","0-17",2023-07-28,16.6085203797468
"745","0-17",2023-07-29,16.6290763291139
"746","0-17",2023-07-30,16.649632278481
"747","0-17",2023-07-31,16.6701882278481
"748","0-17",2023-08-01,16.6907441772152
"749","0-17",2023-08-02,16.7113001265823
"750","0-17",2023-08-03,16.7318560759494
"751","0-17",2023-08-04,16.7524120253165
"752","0-17",2023-08-05,16.7729679746835
"753","0-17",2023-08-06,16.7935239240506
"754","0-17",2023-08-07,16.8140798734177
"755","0-17",2023-08-08,16.8346358227848
"756","0-17",2023-08-09,16.8551917721519
"757","0-17",2023-08-10,16.875747721519
"758","0-17",2023-08-11,16.8963036708861
"759","0-17",2023-08-12,16.9168596202532
"760","0-17",2023-08-13,16.9374155696203
"761","0-17",2023-08-14,16.9579715189873
"762","0-17",2023-08-15,16.9785274683544
"763","0-17",2023-08-16,16.9990834177215
"764","0-17",2023-08-17,17.0196393670886
"765","0-17",2023-08-18,17.0401953164557
"766","0-17",2023-08-19,17.0607512658228
"767","0-17",2023-08-20,17.0813072151899
"768","0-17",2023-08-21,17.101863164557
"769","0-17",2023-08-22,17.122419113924
"770","0-17",2023-08-23,17.1429750632911
"771","0-17",2023-08-24,17.1635310126582
"772","0-17",2023-08-25,17.1840869620253
"773","0-17",2023-08-26,17.2046429113924
"774","0-17",2023-08-27,17.2251988607595
"775","0-17",2023-08-28,17.2457548101266
"776","0-17",2023-08-29,17.2663107594937
"777","0-17",2023-08-30,17.2868667088608
"778","0-17",2023-08-31,17.3074226582278
"779","0-17",2023-09-01,17.3279786075949
"780","0-17",2023-09-02,17.348534556962
"781","0-17",2023-09-03,17.3690905063291
"782","0-17",2023-09-04,17.3896464556962
"783","0-17",2023-09-05,17.4102024050633
"784","0-17",2023-09-06,17.4307583544304
"785","0-17",2023-09-07,17.4513143037975
"786","0-17",2023-09-08,17.4718702531646
"787","0-17",2023-09-09,17.4924262025316
"788","0-17",2023-09-10,17.5129821518987
"789","0-17",2023-09-11,17.5335381012658
"790","0-17",2023-09-12,17.5540940506329
"791","0-17",2023-09-13,17.57465
"792","18-49",2023-06-27,18.2991417721519
"793","18-49",2023-06-28,18.3341035443038
"794","18-49",2023-06-29,18.3690653164557
"795","18-49",2023-06-30,18.4040270886076
"796","18-49",2023-07-01,18.4389888607595
"797","18-49",2023-07-02,18.4739506329114
"798","18-49",2023-07-03,18.5089124050633
"799","18-49",2023-07-04,18.5438741772152
"800","18-49",2023-07-05,18.5788359493671
"801","18-49",2023-07-06,18.613797721519
"802","18-49",2023-07-07,18.6487594936709
"803","18-49",2023-07-08,18.6837212658228
"804","18-49",2023-07-09,18.7186830379747
"805","18-49",2023-07-10,18.7536448101266
"806","18-49",2023-07-11,18.7886065822785
"807","18-49",2023-07-12,18.8235683544304
"808","18-49",2023-07-13,18.8585301265823
"809","18-49",2023-07-14,18.8934918987342
"810","18-49",2023-07-15,18.9284536708861
"811","18-49",2023-07-16,18.963415443038
"812","18-49",2023-07-17,18.9983772151899
"813","18-49",2023-07-18,19.0333389873418
"814","18-49",2023-07-19,19.0683007594937
"815","18-49",2023-07-20,19.1032625316456
"816","18-49",2023-07-21,19.1382243037975
"817","18-49",2023-07-22,19.1731860759494
"818","18-49",2023-07-23,19.2081478481013
"819","18-49",2023-07-24,19.2431096202532
"820","18-49",2023-07-25,19.2780713924051
"821","18-49",2023-07-26,19.313033164557
"822","18-49",2023-07-27,19.3479949367089
"823","18-49",2023-07-28,19.3829567088608
"824","18-49",2023-07-29,19.4179184810127
"825","18-49",2023-07-30,19.4528802531646
"826","18-49",2023-07-31,19.4878420253165
"827","18-49",2023-08-01,19.5228037974684
"828","18-49",2023-08-02,19.5577655696203
"829","18-49",2023-08-03,19.5927273417722
"830","18-49",2023-08-04,19.627689113924
"831","18-49",2023-08-05,19.6626508860759
"832","18-49",2023-08-06,19.6976126582278
"833","18-49",2023-08-07,19.7325744303797
"834","18-49",2023-08-08,19.7675362025316
"835","18-49",2023-08-09,19.8024979746835
"836","18-49",2023-08-10,19.8374597468354
"837","18-49",2023-08-11,19.8724215189873
"838","18-49",2023-08-12,19.9073832911392
"839","18-49",2023-08-13,19.9423450632911
"840","18-49",2023-08-14,19.977306835443
"841","18-49",2023-08-15,20.0122686075949
"842","18-49",2023-08-16,20.0472303797468
"843","18-49",2023-08-17,20.0821921518987
"844","18-49",2023-08-18,20.1171539240506
"845","18-49",2023-08-19,20.1521156962025
"846","18-49",2023-08-20,20.1870774683544
"847","18-49",2023-08-21,20.2220392405063
"848","18-49",2023-08-22,20.2570010126582
"849","18-49",2023-08-23,20.2919627848101
"850","18-49",2023-08-24,20.326924556962
"851","18-49",2023-08-25,20.3618863291139
"852","18-49",2023-08-26,20.3968481012658
"853","18-49",2023-08-27,20.4318098734177
"854","18-49",2023-08-28,20.4667716455696
"855","18-49",2023-08-29,20.5017334177215
"856","18-49",2023-08-30,20.5366951898734
"857","18-49",2023-08-31,20.5716569620253
"858","18-49",2023-09-01,20.6066187341772
"859","18-49",2023-09-02,20.6415805063291
"860","18-49",2023-09-03,20.676542278481
"861","18-49",2023-09-04,20.7115040506329
"862","18-49",2023-09-05,20.7464658227848
"863","18-49",2023-09-06,20.7814275949367
"864","18-49",2023-09-07,20.8163893670886
"865","18-49",2023-09-08,20.8513511392405
"866","18-49",2023-09-09,20.8863129113924
"867","18-49",2023-09-10,20.9212746835443
"868","18-49",2023-09-11,20.9562364556962
"869","18-49",2023-09-12,20.9911982278481
"870","18-49",2023-09-13,21.02616
"871","50-64",2023-06-27,30.7510425316456
"872","50-64",2023-06-28,30.7851150632911
"873","50-64",2023-06-29,30.8191875949367
"874","50-64",2023-06-30,30.8532601265823
"875","50-64",2023-07-01,30.8873326582278
"876","50-64",2023-07-02,30.9214051898734
"877","50-64",2023-07-03,30.955477721519
"878","50-64",2023-07-04,30.9895502531646
"879","50-64",2023-07-05,31.0236227848101
"880","50-64",2023-07-06,31.0576953164557
"881","50-64",2023-07-07,31.0917678481013
"882","50-64",2023-07-08,31.1258403797468
"883","50-64",2023-07-09,31.1599129113924
"884","50-64",2023-07-10,31.193985443038
"885","50-64",2023-07-11,31.2280579746835
"886","50-64",2023-07-12,31.2621305063291
"887","50-64",2023-07-13,31.2962030379747
"888","50-64",2023-07-14,31.3302755696203
"889","50-64",2023-07-15,31.3643481012658
"890","50-64",2023-07-16,31.3984206329114
"891","50-64",2023-07-17,31.432493164557
"892","50-64",2023-07-18,31.4665656962025
"893","50-64",2023-07-19,31.5006382278481
"894","50-64",2023-07-20,31.5347107594937
"895","50-64",2023-07-21,31.5687832911392
"896","50-64",2023-07-22,31.6028558227848
"897","50-64",2023-07-23,31.6369283544304
"898","50-64",2023-07-24,31.671000886076
"899","50-64",2023-07-25,31.7050734177215
"900","50-64",2023-07-26,31.7391459493671
"901","50-64",2023-07-27,31.7732184810127
"902","50-64",2023-07-28,31.8072910126582
"903","50-64",2023-07-29,31.8413635443038
"904","50-64",2023-07-30,31.8754360759494
"905","50-64",2023-07-31,31.9095086075949
"906","50-64",2023-08-01,31.9435811392405
"907","50-64",2023-08-02,31.9776536708861
"908","50-64",2023-08-03,32.0117262025316
"909","50-64",2023-08-04,32.0457987341772
"910","50-64",2023-08-05,32.0798712658228
"911","50-64",2023-08-06,32.1139437974684
"912","50-64",2023-08-07,32.1480163291139
"913","50-64",2023-08-08,32.1820888607595
"914","50-64",2023-08-09,32.2161613924051
"915","50-64",2023-08-10,32.2502339240506
"916","50-64",2023-08-11,32.2843064556962
"917","50-64",2023-08-12,32.3183789873418
"918","50-64",2023-08-13,32.3524515189873
"919","50-64",2023-08-14,32.3865240506329
"920","50-64",2023-08-15,32.4205965822785
"921","50-64",2023-08-16,32.4546691139241
"922","50-64",2023-08-17,32.4887416455696
"923","50-64",2023-08-18,32.5228141772152
"924","50-64",2023-08-19,32.5568867088608
"925","50-64",2023-08-20,32.5909592405063
"926","50-64",2023-08-21,32.6250317721519
"927","50-64",2023-08-22,32.6591043037975
"928","50-64",2023-08-23,32.693176835443
"929","50-64",2023-08-24,32.7272493670886
"930","50-64",2023-08-25,32.7613218987342
"931","50-64",2023-08-26,32.7953944303798
"932","50-64",2023-08-27,32.8294669620253
"933","50-64",2023-08-28,32.8635394936709
"934","50-64",2023-08-29,32.8976120253165
"935","50-64",2023-08-30,32.931684556962
"936","50-64",2023-08-31,32.9657570886076
"937","50-64",2023-09-01,32.9998296202532
"938","50-64",2023-09-02,33.0339021518987
"939","50-64",2023-09-03,33.0679746835443
"940","50-64",2023-09-04,33.1020472151899
"941","50-64",2023-09-05,33.1361197468354
"942","50-64",2023-09-06,33.170192278481
"943","50-64",2023-09-07,33.2042648101266
"944","50-64",2023-09-08,33.2383373417722
"945","50-64",2023-09-09,33.2724098734177
"946","50-64",2023-09-10,33.3064824050633
"947","50-64",2023-09-11,33.3405549367089
"948","50-64",2023-09-12,33.3746274683544
"949","50-64",2023-09-13,33.4087
"950","65+",2023-06-27,46.8236688607595
"951","65+",2023-06-28,46.917407721519
"952","65+",2023-06-29,47.0111465822785
"953","65+",2023-06-30,47.104885443038
"954","65+",2023-07-01,47.1986243037975
"955","65+",2023-07-02,47.292363164557
"956","65+",2023-07-03,47.3861020253165
"957","65+",2023-07-04,47.479840886076
"958","65+",2023-07-05,47.5735797468354
"959","65+",2023-07-06,47.6673186075949
"960","65+",2023-07-07,47.7610574683544
"961","65+",2023-07-08,47.8547963291139
"962","65+",2023-07-09,47.9485351898734
"963","65+",2023-07-10,48.0422740506329
"964","65+",2023-07-11,48.1360129113924
"965","65+",2023-07-12,48.2297517721519
"966","65+",2023-07-13,48.3234906329114
"967","65+",2023-07-14,48.4172294936709
"968","65+",2023-07-15,48.5109683544304
"969","65+",2023-07-16,48.6047072151899
"970","65+",2023-07-17,48.6984460759494
"971","65+",2023-07-18,48.7921849367089
"972","65+",2023-07-19,48.8859237974684
"973","65+",2023-07-20,48.9796626582279
"974","65+",2023-07-21,49.0734015189873
"975","65+",2023-07-22,49.1671403797468
"976","65+",2023-07-23,49.2608792405063
"977","65+",2023-07-24,49.3546181012658
"978","65+",2023-07-25,49.4483569620253
"979","65+",2023-07-26,49.5420958227848
"980","65+",2023-07-27,49.6358346835443
"981","65+",2023-07-28,49.7295735443038
"982","65+",2023-07-29,49.8233124050633
"983","65+",2023-07-30,49.9170512658228
"984","65+",2023-07-31,50.0107901265823
"985","65+",2023-08-01,50.1045289873418
"986","65+",2023-08-02,50.1982678481013
"987","65+",2023-08-03,50.2920067088608
"988","65+",2023-08-04,50.3857455696203
"989","65+",2023-08-05,50.4794844303797
"990","65+",2023-08-06,50.5732232911392
"991","65+",2023-08-07,50.6669621518987
"992","65+",2023-08-08,50.7607010126582
"993","65+",2023-08-09,50.8544398734177
"994","65+",2023-08-10,50.9481787341772
"995","65+",2023-08-11,51.0419175949367
"996","65+",2023-08-12,51.1356564556962
"997","65+",2023-08-13,51.2293953164557
"998","65+",2023-08-14,51.3231341772152
"999","65+",2023-08-15,51.4168730379747
"1000","65+",2023-08-16,51.5106118987342
"1001","65+",2023-08-17,51.6043507594937
"1002","65+",2023-08-18,51.6980896202532
"1003","65+",2023-08-19,51.7918284810127
"1004","65+",2023-08-20,51.8855673417722
"1005","65+",2023-08-21,51.9793062025316
"1006","65+",2023-08-22,52.0730450632911
"1007","65+",2023-08-23,52.1667839240506
"1008","65+",2023-08-24,52.2605227848101
"1009","65+",2023-08-25,52.3542616455696
"1010","65+",2023-08-26,52.4480005063291
"1011","65+",2023-08-27,52.5417393670886
"1012","65+",2023-08-28,52.6354782278481
"1013","65+",2023-08-29,52.7292170886076
"1014","65+",2023-08-30,52.8229559493671
"1015","65+",2023-08-31,52.9166948101266
"1016","65+",2023-09-01,53.0104336708861
"1017","65+",2023-09-02,53.1041725316456
"1018","65+",2023-09-03,53.1979113924051
"1019","65+",2023-09-04,53.2916502531646
"1020","65+",2023-09-05,53.3853891139241
"1021","65+",2023-09-06,53.4791279746835
"1022","65+",2023-09-07,53.572866835443
"1023","65+",2023-09-08,53.6666056962025
"1024","65+",2023-09-09,53.760344556962
"1025","65+",2023-09-10,53.8540834177215
"1026","65+",2023-09-11,53.947822278481
"1027","65+",2023-09-12,54.0415611392405
"1028","65+",2023-09-13,54.1353
"1029","0-17",2023-10-04,0.534811325685316
"1030","0-17",2023-10-05,0.580978170921856
"1031","0-17",2023-10-03,0.491203256069198
"1032","0-17",2023-10-06,0.673475187498367
"1033","0-17",2023-10-07,0.766244414247263
"1034","0-17",2023-10-02,0.439129450091898
"1035","0-17",2023-10-08,0.810396904208151
"1036","0-17",2023-10-16,1.66459242515309
"1037","0-17",2023-10-11,1.08783351190321
"1038","0-17",2023-10-09,0.92194863285163
"1039","0-17",2023-10-17,1.77878459246871
"1040","0-17",2023-10-12,1.19198112385781
"1041","0-17",2023-10-10,0.997786386878163
"1042","0-17",2023-10-18,1.90492678635204
"1043","0-17",2023-10-13,1.36418127890872
"1044","0-17",2023-09-27,0.192180381703992
"1045","0-17",2023-10-19,2.02780245816674
"1046","0-17",2023-10-14,1.49851699898085
"1047","0-17",2023-09-28,0.220299692511389
"1048","0-17",2023-10-20,2.21110878825097
"1049","0-17",2023-10-15,1.54571824287245
"1050","0-17",2023-09-29,0.283180242332384
"1051","0-17",2023-10-21,2.34803050496076
"1052","0-17",2023-10-24,2.6638215259449
"1053","0-17",2023-09-30,0.356295894635064
"1054","0-17",2023-10-22,2.39879770211061
"1055","0-17",2023-10-25,2.81421764618775
"1056","0-17",2023-10-01,0.382155861011664
"1057","0-17",2023-10-23,2.53079241470022
"1058","0-17",2023-10-26,2.95854347958641
"1059","0-17",2023-10-27,3.14734845515283
"1060","0-17",2023-10-28,3.28593065391416
"1061","0-17",2023-10-29,3.32526502382383
"1062","0-17",2023-09-14,0.00876516755080531
"1063","0-17",2023-10-30,3.44593579324222
"1064","0-17",2023-09-15,0.0113511641884653
"1065","0-17",2023-10-31,3.52738107681989
"1066","0-17",2023-11-03,4.04779248438602
"1067","0-17",2023-09-16,0.0171492408602713
"1068","0-17",2023-11-01,3.70736644280102
"1069","0-17",2023-11-04,4.19489486154302
"1070","0-17",2023-09-17,0.0194085852910689
"1071","0-17",2023-11-02,3.84910627956203
"1072","0-17",2023-11-05,4.23294984364248
"1073","0-17",2023-09-18,0.0291809304796997
"1074","0-17",2023-11-06,4.36987156035226
"1075","0-17",2023-09-19,0.0368028153064869
"1076","0-17",2023-11-07,4.50458837466573
"1077","0-17",2023-09-20,0.0469834757536955
"1078","0-17",2023-11-08,4.65288847658121
"1079","0-17",2023-09-21,0.0576813355284362
"1080","0-17",2023-11-09,4.83624924869992
"1081","0-17",2023-09-22,0.0861272985426956
"1082","0-17",2023-11-10,5.1620303830106
"1083","0-17",2023-09-23,0.118792519228927
"1084","0-17",2023-09-26,0.176882170015941
"1085","0-17",2023-11-11,5.26127821186227
"1086","0-17",2023-09-24,0.139807144537068
"1087","0-17",2023-11-17,6.01241496154215
"1088","0-17",2023-11-12,5.29544058849662
"1089","0-17",2023-09-25,0.163026672241531
"1090","0-17",2023-11-18,6.1269882230991
"1091","0-17",2023-11-13,5.43274339944774
"1092","0-17",2023-11-16,5.83523336033658
"1093","0-17",2023-11-19,6.162811081785
"1094","0-17",2023-11-14,5.56133548488254
"1095","0-17",2023-12-19,8.8675457966394
"1096","0-17",2023-11-20,6.38349186853773
"1097","0-17",2023-11-15,5.70587908641911
"1098","0-17",2023-12-20,8.96537813259466
"1099","0-17",2023-11-21,6.58187864217211
"1100","0-17",2023-12-21,9.0674297262219
"1101","0-17",2023-11-22,6.75873359117081
"1102","0-17",2023-11-30,7.33233486642102
"1103","0-17",2023-12-14,8.50893611553906
"1104","0-17",2023-12-22,9.18505174170957
"1105","0-17",2023-11-23,6.75946855863625
"1106","0-17",2023-12-01,7.47255032621667
"1107","0-17",2023-12-15,8.61338315868329
"1108","0-17",2023-12-23,9.20851625856918
"1109","0-17",2023-12-18,8.77251722545971
"1110","0-17",2023-11-24,6.86119350005662
"1111","0-17",2023-12-02,7.54593818869174
"1112","0-17",2023-12-16,8.65633792388568
"1113","0-17",2023-12-24,9.21281717929286
"1114","0-17",2023-12-13,8.42751805297863
"1115","0-17",2023-11-25,6.90425714932797
"1116","0-17",2023-12-03,7.57065487234432
"1117","0-17",2023-12-17,8.67577373019399
"1118","0-17",2023-12-25,9.21308938946525
"1119","0-17",2023-12-26,9.28840994416425
"1120","0-17",2023-11-26,6.92355685055008
"1121","0-17",2023-12-04,7.66810611405824
"1122","0-17",2023-11-29,7.22641788834592
"1123","0-17",2023-12-06,7.87049437722668
"1124","0-17",2023-12-27,9.37331229693121
"1125","0-17",2023-11-27,7.01161684131671
"1126","0-17",2023-12-05,7.76847000461668
"1127","0-17",2023-12-31,9.5684597695142
"1128","0-17",2023-12-07,7.96571349552704
"1129","0-17",2023-12-28,9.46142672973232
"1130","0-17",2023-11-28,7.11421285528872
"1131","0-17",2023-12-30,9.56394108065261
"1132","0-17",2023-12-12,8.33823311643627
"1133","0-17",2023-12-08,8.0913112690656
"1134","0-17",2023-12-29,9.54532190486146
"1135","0-17",2023-12-10,8.16600574036812
"1136","0-17",2023-12-11,8.25439238334161
"1137","0-17",2023-12-09,8.14474612590483
"1138","18-49",2023-10-22,3.8835263110847
"1139","18-49",2023-10-23,4.03589183318572
"1140","18-49",2023-10-21,3.83953685042446
"1141","18-49",2023-10-24,4.18046260119341
"1142","18-49",2023-10-03,1.36254382134216
"1143","18-49",2023-10-25,4.32265556051675
"1144","18-49",2023-10-04,1.47235399864569
"1145","18-49",2023-10-26,4.46597054831302
"1146","18-49",2023-10-02,1.23515272107881
"1147","18-49",2023-10-05,1.59774625348377
"1148","18-49",2023-10-27,4.65395861676627
"1149","18-49",2023-10-06,1.76629573594256
"1150","18-49",2023-10-28,4.75025243782978
"1151","18-49",2023-10-07,1.88150799735082
"1152","18-49",2023-10-29,4.79147769589447
"1153","18-49",2023-10-08,1.93653940708895
"1154","18-49",2023-11-04,5.58130400365766
"1155","18-49",2023-10-30,4.93217709413797
"1156","18-49",2023-10-09,2.10074195804669
"1157","18-49",2023-11-05,5.61942324912844
"1158","18-49",2023-10-31,5.04544995533807
"1159","18-49",2023-11-03,5.48580526237298
"1160","18-49",2023-10-10,2.25448215079334
"1161","18-49",2023-11-06,5.75004668307206
"1162","18-49",2023-11-01,5.17445350711548
"1163","18-49",2023-10-16,3.07981211447455
"1164","18-49",2023-10-11,2.39726956228778
"1165","18-49",2023-11-07,5.86557103187014
"1166","18-49",2023-11-02,5.31516776666326
"1167","18-49",2023-10-17,3.23157575375235
"1168","18-49",2023-10-12,2.55057134655826
"1169","18-49",2023-11-08,5.98230657696681
"1170","18-49",2023-10-15,2.92166554500973
"1171","18-49",2023-10-18,3.37517310632988
"1172","18-49",2023-10-13,2.75316064646376
"1173","18-49",2023-11-09,6.1153524035076
"1174","18-49",2023-10-19,3.52744202995311
"1175","18-49",2023-10-14,2.87193962089853
"1176","18-49",2023-11-10,6.29512960134774
"1177","18-49",2023-10-20,3.73128711007003
"1178","18-49",2023-11-11,6.36762304361146
"1179","18-49",2023-09-27,0.687952066943637
"1180","18-49",2023-11-12,6.40077861345369
"1181","18-49",2023-09-28,0.794819706000304
"1182","18-49",2023-11-13,6.52589593416264
"1183","18-49",2023-09-26,0.635655137192502
"1184","18-49",2023-09-29,0.946263827236149
"1185","18-49",2023-11-14,6.63696932232973
"1186","18-49",2023-11-22,7.46867478554581
"1187","18-49",2023-11-17,7.00367943601945
"1188","18-49",2023-09-30,1.04797459370866
"1189","18-49",2023-11-15,6.7437998081257
"1190","18-49",2023-11-23,7.47059189379755
"1191","18-49",2023-11-18,7.07866957740172
"1192","18-49",2023-10-01,1.09494374587645
"1193","18-49",2023-11-16,6.85178947565529
"1194","18-49",2023-11-24,7.55999750032862
"1195","18-49",2023-11-19,7.11429212375394
"1196","18-49",2023-11-25,7.60357084446909
"1197","18-49",2023-11-20,7.24820733659494
"1198","18-49",2023-09-14,0.00484478519433645
"1199","18-49",2023-11-26,7.62983076912674
"1200","18-49",2023-11-21,7.36197805148833
"1201","18-49",2023-09-15,0.0170310547015631
"1202","18-49",2023-11-27,7.70765941962594
"1203","18-49",2023-09-16,0.0342553063587286
"1204","18-49",2023-11-28,7.8000893015774
"1205","18-49",2023-09-17,0.0418197102357753
"1206","18-49",2023-11-29,7.88950976941275
"1207","18-49",2023-09-18,0.0915753569555251
"1208","18-49",2023-12-05,8.33063043361793
"1209","18-49",2023-11-30,7.98321772353203
"1210","18-49",2023-09-19,0.13976313607404
"1211","18-49",2023-12-06,8.40342853261934
"1212","18-49",2023-12-01,8.09876436428653
"1213","18-49",2023-09-20,0.191198110177103
"1214","18-49",2023-12-07,8.47381910032785
"1215","18-49",2023-12-02,8.14724193883845
"1216","18-49",2023-09-21,0.256097425955223
"1217","18-49",2023-12-08,8.56879769596283
"1218","18-49",2023-12-03,8.17292227262929
"1219","18-49",2023-12-19,9.21447678289024
"1220","18-49",2023-09-22,0.355378369178428
"1221","18-49",2023-12-09,8.60612929230692
"1222","18-49",2023-12-04,8.2585976917868
"1223","18-49",2023-12-20,9.2916812586098
"1224","18-49",2023-09-23,0.426229637319529
"1225","18-49",2023-12-10,8.62936494154417
"1226","18-49",2023-12-18,9.13453039653155
"1227","18-49",2023-12-21,9.36799405607274
"1228","18-49",2023-09-24,0.473882409484068
"1229","18-49",2023-12-11,8.70714900813054
"1230","18-49",2023-12-12,8.77441870194086
"1231","18-49",2023-12-22,9.4451019333145
"1232","18-49",2023-09-25,0.564677547965045
"1233","18-49",2023-12-31,9.74493617775725
"1234","18-49",2023-12-13,8.83815140533323
"1235","18-49",2023-12-23,9.46847876494239
"1236","18-49",2023-12-24,9.47471308208664
"1237","18-49",2023-12-25,9.47506975338929
"1238","18-49",2023-12-14,8.90218133481114
"1239","18-49",2023-12-17,9.04807475889949
"1240","18-49",2023-12-26,9.53374961332744
"1241","18-49",2023-12-15,8.98652666723585
"1242","18-49",2023-12-16,9.02381367966711
"1243","18-49",2023-12-29,9.71690032723849
"1244","18-49",2023-12-30,9.73911054648062
"1245","18-49",2023-12-27,9.59507478542692
"1246","18-49",2023-12-28,9.65508473209787
"1247","50-64",2023-10-21,8.05467714909904
"1248","50-64",2023-10-22,8.1267434724726
"1249","50-64",2023-10-23,8.42430249523856
"1250","50-64",2023-11-14,13.0780336321219
"1251","50-64",2023-10-24,8.70183688483137
"1252","50-64",2023-11-15,13.2629660697442
"1253","50-64",2023-10-25,8.9689916798767
"1254","50-64",2023-10-20,7.86035517056309
"1255","50-64",2023-11-16,13.4531841162821
"1256","50-64",2023-10-26,9.24649413225552
"1257","50-64",2023-10-02,2.72826844250351
"1258","50-64",2023-11-17,13.7073244966256
"1259","50-64",2023-10-27,9.61025899962745
"1260","50-64",2023-10-03,3.0323586255309
"1261","50-64",2023-11-18,13.8286539725822
"1262","50-64",2023-10-28,9.78624901733185
"1263","50-64",2023-10-04,3.27362830863549
"1264","50-64",2023-11-19,13.8771985378505
"1265","50-64",2023-11-22,14.4001863855809
"1266","50-64",2023-10-29,9.85042684884931
"1267","50-64",2023-10-05,3.53841974984538
"1268","50-64",2023-11-20,14.0822833575018
"1269","50-64",2023-11-23,14.4043062861859
"1270","50-64",2023-10-30,10.1215578270367
"1271","50-64",2023-10-06,3.89054350271714
"1272","50-64",2023-11-21,14.2560377702268
"1273","50-64",2023-11-24,14.5416682435666
"1274","50-64",2023-10-31,10.3534699064415
"1275","50-64",2023-10-07,4.12224799023104
"1276","50-64",2023-11-03,11.1233962927601
"1277","50-64",2023-11-25,14.6054468599092
"1278","50-64",2023-11-01,10.5821722958402
"1279","50-64",2023-10-08,4.22356880162152
"1280","50-64",2023-11-04,11.2806711030651
"1281","50-64",2023-11-26,14.6411047593315
"1282","50-64",2023-11-02,10.8275618795498
"1283","50-64",2023-10-09,4.57404778797267
"1284","50-64",2023-11-05,11.3340860934671
"1285","50-64",2023-11-27,14.7817562497535
"1286","50-64",2023-10-10,4.90012674283373
"1287","50-64",2023-11-06,11.5648484331683
"1288","50-64",2023-11-28,14.9397017415522
"1289","50-64",2023-10-11,5.20236456744956
"1290","50-64",2023-11-07,11.7729832567559
"1291","50-64",2023-11-29,15.0905412032377
"1292","50-64",2023-10-12,5.52837964788263
"1293","50-64",2023-11-08,11.9741238304792
"1294","50-64",2023-10-15,6.25009680967991
"1295","50-64",2023-11-30,15.2474008297608
"1296","50-64",2023-10-13,5.93906028260921
"1297","50-64",2023-11-09,12.2039599909745
"1298","50-64",2023-10-16,6.56510951989265
"1299","50-64",2023-12-01,15.4382735891855
"1300","50-64",2023-10-14,6.16479251110657
"1301","50-64",2023-11-10,12.4977823597034
"1302","50-64",2023-10-17,6.87985076378646
"1303","50-64",2023-12-02,15.5173501310304
"1304","50-64",2023-12-05,15.8234523585393
"1305","50-64",2023-11-11,12.6209003196436
"1306","50-64",2023-10-18,7.17041553668811
"1307","50-64",2023-12-03,15.5551957296112
"1308","50-64",2023-12-06,15.9469855022614
"1309","50-64",2023-11-12,12.6696045709818
"1310","50-64",2023-10-19,7.46570701726063
"1311","50-64",2023-12-04,15.6971726144139
"1312","50-64",2023-12-07,16.0703429913065
"1313","50-64",2023-11-13,12.8830888779131
"1314","50-64",2023-12-10,16.3279325907612
"1315","50-64",2023-09-26,1.30875509218916
"1316","50-64",2023-12-08,16.2343884909778
"1317","50-64",2023-12-11,16.4563840654381
"1318","50-64",2023-09-27,1.43942620323853
"1319","50-64",2023-12-09,16.2949893545281
"1320","50-64",2023-12-12,16.5694418029707
"1321","50-64",2023-09-28,1.70779461241556
"1322","50-64",2023-10-01,2.3928957583707
"1323","50-64",2023-12-13,16.6724393180958
"1324","50-64",2023-09-29,2.06581078126889
"1325","50-64",2023-12-16,16.9636428352773
"1326","50-64",2023-12-14,16.7736004434163
"1327","50-64",2023-09-30,2.29392233220866
"1328","50-64",2023-12-17,16.9958355469815
"1329","50-64",2023-09-14,0.00793639767707868
"1330","50-64",2023-12-15,16.9036647473998
"1331","50-64",2023-12-18,17.1164144984093
"1332","50-64",2023-09-15,0.0328314559840518
"1333","50-64",2023-09-18,0.174552843074743
"1334","50-64",2023-12-24,17.6194575560015
"1335","50-64",2023-12-19,17.2315800920654
"1336","50-64",2023-09-16,0.0729126595443486
"1337","50-64",2023-09-19,0.261214473242763
"1338","50-64",2023-12-25,17.6201442061023
"1339","50-64",2023-12-20,17.344717672633
"1340","50-64",2023-09-17,0.0866616301680201
"1341","50-64",2023-12-23,17.6101797953368
"1342","50-64",2023-09-20,0.361289733287535
"1343","50-64",2023-12-26,17.7137362117067
"1344","50-64",2023-12-21,17.4592924278303
"1345","50-64",2023-12-29,18.0175868656291
"1346","50-64",2023-12-30,18.0574604772985
"1347","50-64",2023-09-21,0.488671311295698
"1348","50-64",2023-12-27,17.8103143468193
"1349","50-64",2023-12-22,17.5730368154637
"1350","50-64",2023-09-25,1.14809493720106
"1351","50-64",2023-12-31,18.0680636323439
"1352","50-64",2023-09-22,0.694682310152824
"1353","50-64",2023-12-28,17.9100542661172
"1354","50-64",2023-09-24,0.94720986118969
"1355","50-64",2023-09-23,0.851430156426877
"1356","65+",2023-11-13,26.5281421870991
"1357","65+",2023-10-20,17.228084231161
"1358","65+",2023-09-26,2.73993863242163
"1359","65+",2023-12-08,31.9720504167724
"1360","65+",2023-11-14,26.9394440844045
"1361","65+",2023-10-21,17.4680350979483
"1362","65+",2023-09-27,3.04890879944519
"1363","65+",2023-12-09,32.0351622661401
"1364","65+",2023-11-15,27.3034514194311
"1365","65+",2023-10-22,17.5643195560393
"1366","65+",2023-09-28,3.74013298405967
"1367","65+",2023-12-10,32.0694534454421
"1368","65+",2023-11-16,27.6725797103881
"1369","65+",2023-10-23,18.2265308162699
"1370","65+",2023-09-29,4.47421240396897
"1371","65+",2023-12-11,32.2966456165666
"1372","65+",2023-11-17,28.0395407708489
"1373","65+",2023-10-24,18.8998578716259
"1374","65+",2023-09-30,4.79477026308081
"1375","65+",2023-12-12,32.5037909056017
"1376","65+",2023-11-18,28.1632476857823
"1377","65+",2023-10-25,19.519476061541
"1378","65+",2023-10-01,4.93431194276834
"1379","65+",2023-12-13,32.6967268527549
"1380","65+",2023-11-19,28.2147718430618
"1381","65+",2023-10-26,20.139810835733
"1382","65+",2023-10-02,5.78841049023453
"1383","65+",2023-12-14,32.8837378713742
"1384","65+",2023-11-20,28.540031194137
"1385","65+",2023-10-27,20.730643310913
"1386","65+",2023-10-03,6.61498171486657
"1387","65+",2023-12-15,33.0763592205521
"1388","65+",2023-11-21,28.8307022456003
"1389","65+",2023-10-28,20.9314791627779
"1390","65+",2023-10-04,7.23390079817002
"1391","65+",2023-12-16,33.1402750425232
"1392","65+",2023-11-22,29.0307516025271
"1393","65+",2023-10-29,21.009184862664
"1394","65+",2023-10-05,7.89474880050783
"1395","65+",2023-12-17,33.1713852867421
"1396","65+",2023-11-23,29.033862626949
"1397","65+",2023-10-30,21.5700955748649
"1398","65+",2023-10-06,8.55905738057336
"1399","65+",2023-12-18,33.3619967044114
"1400","65+",2023-11-24,29.1978555603794
"1401","65+",2023-10-31,22.0620044644948
"1402","65+",2023-10-07,8.87175029030402
"1403","65+",2023-12-19,33.543327481811
"1404","65+",2023-11-25,29.2699334520416
"1405","65+",2023-11-01,22.5454541641237
"1406","65+",2023-10-08,9.02095711889776
"1407","65+",2023-09-14,0.010241911860833
"1408","65+",2023-12-20,33.7122840721842
"1409","65+",2023-11-26,29.3076502537407
"1410","65+",2023-11-02,23.0510131103463
"1411","65+",2023-10-09,9.82781353708096
"1412","65+",2023-09-15,0.0423134276707795
"1413","65+",2023-12-21,33.8783568477842
"1414","65+",2023-11-27,29.5647292325138
"1415","65+",2023-11-03,23.5245180184243
"1416","65+",2023-10-10,10.6775426682243
"1417","65+",2023-09-16,0.101352981025547
"1418","65+",2023-12-22,34.022110644807
"1419","65+",2023-11-28,29.8673200517059
"1420","65+",2023-11-04,23.6879341889
"1421","65+",2023-10-11,11.5018417963684
"1422","65+",2023-09-17,0.125804234768389
"1423","65+",2023-12-23,34.0652280450812
"1424","65+",2023-11-29,30.1390802693238
"1425","65+",2023-11-05,23.7521471311811
"1426","65+",2023-10-12,12.3455760883167
"1427","65+",2023-09-18,0.315541769173174
"1428","65+",2023-12-24,34.0748058056609
"1429","65+",2023-11-30,30.4082537924786
"1430","65+",2023-11-06,24.2247956336597
"1431","65+",2023-10-13,13.1385727179238
"1432","65+",2023-09-19,0.529660646659634
"1433","65+",2023-12-25,34.0756971665908
"1434","65+",2023-12-01,30.6820414192703
"1435","65+",2023-11-07,24.6742512742966
"1436","65+",2023-10-14,13.4232664078574
"1437","65+",2023-09-20,0.777161864852905
"1438","65+",2023-12-26,34.2029695252437
"1439","65+",2023-12-02,30.7618269613261
"1440","65+",2023-11-08,25.1027337165836
"1441","65+",2023-10-15,13.5400346896701
"1442","65+",2023-09-21,1.08013719268147
"1443","65+",2023-12-27,34.3448182567497
"1444","65+",2023-12-03,30.8005924229427
"1445","65+",2023-11-09,25.5346068259371
"1446","65+",2023-10-16,14.2797419178032
"1447","65+",2023-09-22,1.49437533775588
"1448","65+",2023-12-28,34.4981498143522
"1449","65+",2023-12-04,31.0538787483475
"1450","65+",2023-11-10,25.9191853730118
"1451","65+",2023-10-17,15.0762340804686
"1452","65+",2023-09-23,1.73820624623793
"1453","65+",2023-12-29,34.6420084773668
"1454","65+",2023-12-05,31.2911555323452
"1455","65+",2023-11-11,26.0562627018933
"1456","65+",2023-10-18,15.8015571900668
"1457","65+",2023-09-24,1.88477394737265
"1458","65+",2023-12-30,34.6868037335089
"1459","65+",2023-12-06,31.513628733841
"1460","65+",2023-11-12,26.1120339318385
"1461","65+",2023-10-19,16.5179492127011
"1462","65+",2023-09-25,2.32994756001306
"1463","65+",2023-12-31,34.6980418722914
"1464","65+",2023-12-07,31.7353853510599
